train/step_time,train/completions/clipped_ratio,train/clip_ratio/region_mean,train/rewards/answer_reward/std,train/completions/mean_terminated_length,train/grad_norm,profiling/Time taken: GRPOTrainer.compute_loss,train/num_tokens,train/completions/max_terminated_length,train/completions/mean_length,train/learning_rate,train/clip_ratio/low_min,train/clip_ratio/low_mean,train/sampling/sampling_logp_difference/max,train/rewards/answer_reward/mean,profiling/Time taken: GRPOTrainer._prepare_inputs,profiling/Time taken: GRPOTrainer._calculate_rewards,_step,train/entropy,train/rewards/format_reward/std,train/clip_ratio/high_mean,train/completions/min_length,train/reward,profiling/Time taken: GRPOTrainer.sync_weights,train/reward_std,train/loss,profiling/Time taken: GRPOTrainer.answer_reward,_timestamp,train/global_step,profiling/Time taken: GRPOTrainer._get_per_token_logps_and_entropies,train/completions/max_length,profiling/Time taken: GRPOTrainer.format_reward,completions,train/sampling/importance_sampling_ratio/max,train/sampling/sampling_logp_difference/mean,_runtime,train/completions/min_terminated_length,train/epoch,train/clip_ratio/high_max,train/frac_reward_zero_std,train/rewards/format_reward/mean,train/sampling/importance_sampling_ratio/min,train/sampling/importance_sampling_ratio/mean,profiling/Time taken: GRPOTrainer.vLLM.generate
76.65384325399555,0.6796875,2.7372587283025496e-05,0.3499840497970581,546.7865600585938,1.28125,,28916991.0,1000.0,871.142578125,1e-06,0.0,2.7372587283025496e-05,0.9665250778198242,0.142578125,,,31027,0.9388539250940084,0.42419755458831787,0.0,1.0,0.3828125,,,-0.016657967120409012,,1788943003.4196138,0,0.09345737000012377,1024.0,,,2.9864282608032227,0.01594671979546547,-4657814544.495911,1.0,0.082,0.0,0.09375,0.240234375,0.0,0.7073606252670288,
77.03683029999956,0.7734375,0.0,0.2029850035905838,538.4655151367188,0.7265625,,14973873.0,1014.0,913.99609375,1e-06,0.0,0.0,0.6698609590530396,0.04296875,,,10450,1.05852971971035,0.23822566866874695,0.0,2.0,0.10546875,,,0.041209135204553604,,1788935659.1131191,0,0.10036555699980454,1024.0,,,2.915375232696533,0.016462013125419617,-8887814534.355251,2.0,0.042,0.0,0.34375,0.0625,0.0,0.6679797768592834,
198.69870576400012,0.873046875,3.8180648516572546e-05,0.13154059648513794,548.6153564453125,0.484375,,565420.0,1006.0,963.6484375,0.0,0.0,3.8180648516572546e-05,0.7023959159851074,0.017578125,,,102,1.01645028591156,0.13154059648513794,0.0,2.0,0.03515625,,0.21384188532829285,0.005654475651681423,,1788931961.6697168,1,,1024.0,,,2.9713480472564697,0.016733817756175995,201.509856112,2.0,0.0004,0.0,0.65625,0.017578125,0.0,0.6512419581413269,
76.17566477299965,0.8515625,0.0,0.10772226005792618,405.59210205078125,0.28515625,,1114693.0,1024.0,932.205078125,4e-07,0.0,0.0,0.8202779293060303,0.01171875,,,500,1.0427052043378353,0.10772226005792618,0.0,2.0,0.0234375,,0.16385014355182648,0.015830297023057938,,1788932093.1743512,5,,1024.0,,,2.9914376735687256,0.017011022195219994,333.014563963,2.0,0.002,0.0,0.78125,0.01171875,0.0,0.7115311622619629,
80.33793436000065,0.849609375,1.52587890625e-05,0.10772226005792618,498.3246765136719,0.76953125,,1670392.0,1024.0,944.943359375,8e-07,0.0,7.62939453125e-06,0.8549685478210449,0.01171875,,,898,1.076006906107068,0.13493992388248444,7.62939453125e-06,27.0,0.03125,,0.19282633066177368,-0.006125923246145248,,1788932229.8708296,9,,1024.0,,,2.9804537296295166,0.01696525514125824,469.711001417,27.0,0.0036,3.0517578125e-05,0.6875,0.01953125,0.0,0.7168045043945312,
83.07156805799991,0.857421875,0.0,0.13154059648513794,495.46575927734375,0.32421875,,2228033.0,1010.0,948.642578125,1e-06,0.0,0.0,0.5740447044372559,0.017578125,,,1296,1.079574778676033,0.12414088100194931,0.0,2.0,0.033203125,,0.2095356285572052,0.04756317660212517,,1788932369.3325071,13,,1024.0,,,2.9085192680358887,0.016825417056679726,609.172683642,2.0,0.0052,0.0,0.65625,0.015625,0.0,0.6753215789794922,
79.06259950900017,0.87109375,4.709343738795724e-05,0.1162383034825325,540.0,0.4140625,,2792313.0,1001.0,961.609375,1e-06,0.0,4.709343738795724e-05,0.9073735475540161,0.013671875,,,1694,1.0001822020858526,0.10772226005792618,0.0,56.0,0.025390625,,0.16943512856960297,0.009185463190078735,,1788932504.6315944,17,,1024.0,,,2.862285614013672,0.016720831394195557,744.47176805,56.0,0.0068,0.0,0.625,0.01171875,0.0,0.6441352367401123,
79.27550160700048,0.876953125,0.0,0.1162383034825325,526.3175048828125,0.177734375,,3357247.0,997.0,962.76171875,1e-06,0.0,0.0,1.2431650161743164,0.013671875,,,2092,1.1184897311031818,0.09843364357948303,0.0,1.0,0.0234375,,0.16385014355182648,0.04782690480351448,,1788932639.9969392,21,,1024.0,,,2.998863935470581,0.01680706813931465,879.837077228,1.0,0.0084,0.0,0.6875,0.009765625,0.0,0.6688392758369446,
77.87822715300081,0.8515625,1.6808467080409173e-05,0.09843364357948303,503.3026428222656,0.29296875,,3913994.0,1021.0,946.708984375,1e-06,0.0,1.6808467080409173e-05,0.8581027984619141,0.009765625,,,2490,1.0288437623530626,0.14513419568538666,0.0,16.0,0.03125,,0.17416280508041382,0.05175381153821945,,1788932774.3553708,25,,1024.0,,,2.9940273761749268,0.016654564067721367,1014.195489222,16.0,0.01,0.0,0.59375,0.021484375,0.0,0.7112079858779907,
77.65947732400173,0.828125,2.288818359375e-05,0.15746226906776428,577.95458984375,1.125,,4471030.0,1023.0,947.3359375,1e-06,0.0,2.288818359375e-05,1.329129934310913,0.025390625,,,2888,1.022583594545722,0.14172318577766418,0.0,1.0,0.046875,,0.22283971309661865,-0.04403381049633026,,1788932907.462706,29,,1024.0,,,2.9874606132507324,0.01668933965265751,1147.302905244,1.0,0.0116,0.0,0.5,0.021484375,0.0,0.6600160598754883,
78.34770569099919,0.8671875,8.0681962572271e-05,0.13154059648513794,495.1764831542969,1.2109375,,5031406.0,1019.0,953.765625,1e-06,0.0,8.0681962572271e-05,0.7913696765899658,0.017578125,,,3286,1.0041009802371264,0.1528901308774948,0.0,2.0,0.0419921875,,0.2182799130678177,-0.007399259600788355,,1788933041.3980699,33,,1024.0,,,2.9860193729400635,0.016868269070982933,1281.23817689,2.0,0.0132,0.0,0.53125,0.0244140625,0.0,0.6767674684524536,
76.42613079900002,0.837890625,2.5082619686145335e-05,0.16324250400066376,519.2168579101562,0.6484375,,5585733.0,1023.0,942.169921875,1e-06,0.0,2.5082619686145335e-05,0.5679519176483154,0.02734375,,,3684,1.0626916587352753,0.16456879675388336,0.0,2.0,0.0556640625,,0.2750682830810547,-0.004825960379093885,,1788933173.353834,37,,1024.0,,,2.957608461380005,0.016825001686811447,1413.193907971,2.0,0.0148,0.0,0.5625,0.0283203125,0.0,0.7156891226768494,
76.72658853599978,0.830078125,5.77244727537618e-05,0.15746226906776428,542.287353515625,0.73046875,,6140128.0,1023.0,942.146484375,1e-06,0.0,5.77244727537618e-05,1.0202090740203857,0.025390625,,,4082,0.9938557129353285,0.16456879675388336,0.0,2.0,0.0537109375,,0.26458603143692017,0.013597702607512474,,1788933305.8805263,41,,1024.0,,,2.917273998260498,0.016781019046902657,1545.720657919,2.0,0.0164,0.0,0.46875,0.0283203125,0.0,0.7408995628356934,
77.15268356199977,0.85546875,0.0,0.1385180652141571,489.2702941894531,0.37109375,,6696814.0,1011.0,946.71484375,1e-06,0.0,0.0,0.7104257345199585,0.01953125,,,4480,1.2383263986557722,0.1277671903371811,0.0,2.0,0.037109375,,0.21579019725322723,0.0487213097512722,,1788933438.7875712,45,,1024.0,,,2.982203483581543,0.016980577260255814,1678.627745911,2.0,0.018,0.0,0.53125,0.017578125,0.0,0.678784966468811,
79.01472662800188,0.87109375,1.5432141481142025e-05,0.16324250400066376,535.4393920898438,0.70703125,,7260857.0,1012.0,961.021484375,1e-06,0.0,7.802746949892025e-06,0.7452630996704102,0.02734375,,,4878,1.0381561778485775,0.1385180652141571,7.62939453125e-06,11.0,0.046875,,0.24580632150173187,0.00892104022204876,,1788933573.9907103,49,,1024.0,,,2.9737908840179443,0.01700860820710659,1813.830827212,11.0,0.0196,3.0517578125e-05,0.46875,0.01953125,0.0,0.6957148313522339,
205.2083614980004,0.87890625,0.0,0.1385180652141571,507.4838562011719,0.2216796875,,7825121.0,1010.0,961.453125,1e-06,0.0,0.0,0.9931023120880127,0.01953125,1.6051000784500502e-05,,10452,0.9918132722377777,0.13325467705726624,0.0,2.0,0.0380859375,,0.20987054705619812,0.057848576456308365,,1788935659.641156,51,,1024.0,,,2.9638946056365967,0.016845600679516792,-8887814533.82722,2.0,0.0204,0.0,0.59375,0.0185546875,0.0,0.6560462713241577,
80.60291169200082,0.896484375,4.8312880608136766e-05,0.1162383034825325,544.79248046875,0.34375,,7831683.0,1022.0,974.39453125,1e-06,0.0,4.0683486076886766e-05,0.6603147983551025,0.013671875,,,5276,1.0813373569399118,0.11820689588785172,7.62939453125e-06,2.0,0.0283203125,,0.18684399127960205,0.05587248131632805,,1788933728.5806983,53,,1024.0,,,2.914590358734131,0.016848737373948097,1968.420826645,2.0,0.0212,3.0517578125e-05,0.65625,0.0146484375,0.0,0.7253316640853882,
79.35229983699946,0.849609375,2.421204226266127e-05,0.17416280508041382,536.272705078125,0.78515625,,8383790.0,1024.0,950.650390625,1e-06,0.0,2.421204226266127e-05,0.6796998977661133,0.03125,,,10850,1.0187781304121017,0.15143637359142303,0.0,23.0,0.0546875,,0.24418380856513977,0.015183100476861,,1788935794.6408873,55,,1024.0,,,2.9933886528015137,0.01667570136487484,-8887814398.827341,23.0,0.022,0.0,0.46875,0.0234375,0.0,0.6829776167869568,
75.74700606600072,0.814453125,8.444067952950718e-05,0.16880230605602264,529.0210571289062,0.80859375,,8380948.0,1017.0,932.158203125,1e-06,0.0,7.576012376375729e-05,0.7038776874542236,0.029296875,,,5674,1.02519091963768,0.16587871313095093,8.680555765749887e-06,2.0,0.05859375,,0.27177098393440247,-0.047023918479681015,,1788933860.1256511,57,,1024.0,,,2.9399280548095703,0.01675809733569622,2099.965772797,2.0,0.0228,3.0517578125e-05,0.40625,0.029296875,0.0,0.7335683107376099,
79.86226590500041,0.861328125,6.446380575653166e-05,0.13154059648513794,527.3521118164062,1.1953125,,8944816.0,1021.0,955.12890625,1e-06,0.0,5.6834411225281656e-05,1.1215507984161377,0.017578125,,,11248,1.0041987244039774,0.17133069038391113,7.62939453125e-06,2.0,0.048828125,,0.23105008900165558,-0.048165395855903625,,1788935930.6715443,59,,1024.0,,,2.974370241165161,0.016710834577679634,-8887814262.796888,2.0,0.0236,3.0517578125e-05,0.46875,0.03125,0.0,0.6712307333946228,
76.54755200100044,0.837890625,0.0,0.1939331740140915,513.5662231445312,0.40234375,,8934870.0,1021.0,941.25390625,1e-06,0.0,0.0,0.7091753482818604,0.0390625,,,6072,1.0493224170058966,0.17007401585578918,0.0,2.0,0.0693359375,,0.3025934100151062,0.0556727759540081,,1788933992.438445,61,,1024.0,,,2.9449543952941895,0.016722269356250763,2232.278544809,2.0,0.0244,0.0,0.4375,0.0302734375,0.0,0.6624438762664795,
79.45629094399965,0.8515625,0.0,0.1385180652141571,529.9078979492188,0.52734375,,9503553.0,1003.0,950.658203125,1e-06,0.0,0.0,0.5270717740058899,0.01953125,,,11646,0.989946324378252,0.16880230605602264,0.0,2.0,0.048828125,,0.24938003718852997,0.02901911921799183,,1788936066.043178,63,,1024.0,,,2.9434545040130615,0.016724152490496635,-8887814127.42526,2.0,0.0252,0.0,0.53125,0.029296875,0.0,0.6791062355041504,
76.45406762399989,0.810546875,3.471198215265758e-05,0.16880230605602264,510.0205993652344,0.51171875,,9481318.0,1018.0,926.625,1e-06,0.0,3.471198215265758e-05,0.572516918182373,0.029296875,,,6470,0.9623179491609335,0.19954530894756317,0.0,2.0,0.0712890625,,0.28548699617385864,0.06407880783081055,,1788934125.150955,65,,1024.0,,,2.9733545780181885,0.01653224229812622,2364.991084243,2.0,0.026,0.0,0.40625,0.0419921875,0.0,0.7149728536605835,
79.45200875099795,0.8125,5.713215159630636e-05,0.16324250400066376,546.75,0.72265625,,10054041.0,1024.0,934.515625,1e-06,0.0,5.713215159630636e-05,1.1424531936645508,0.02734375,,,12044,1.0306980591267347,0.16587871313095093,0.0,2.0,0.056640625,,0.2611783444881439,0.0012270957231521606,,1788936201.9447982,67,,1024.0,,,2.966339349746704,0.01676977053284645,-8887813991.523533,2.0,0.0268,0.0,0.4375,0.029296875,0.0,0.7165895104408264,
76.35192764500061,0.822265625,2.565052818681579e-05,0.17934183776378632,525.5714721679688,1.25,,10032313.0,1023.0,935.412109375,1e-06,0.0,2.565052818681579e-05,1.1834478378295898,0.033203125,,,6868,1.1495118141174316,0.16587871313095093,0.0,2.0,0.0625,,0.27089762687683105,-0.07804534584283829,,1788934257.4059277,69,,1024.0,,,2.890615940093994,0.016870219260454178,2497.246094612,2.0,0.0276,0.0,0.40625,0.029296875,0.0,0.621036946773529,
77.07478078199802,0.8125,3.1435776691068895e-05,0.2029850035905838,513.4166870117188,0.8125,,10601377.0,1020.0,928.265625,1e-06,0.0,3.1435776691068895e-05,0.8607974052429199,0.04296875,,,12442,1.0206443648785353,0.23588573932647705,0.0,2.0,0.1025390625,,0.3644331991672516,0.03554023057222366,,1788936335.05826,71,,1024.0,,,2.965611696243286,0.016631292179226875,-8887813858.410103,2.0,0.0284,0.0,0.375,0.0595703125,0.0,0.7186181545257568,
76.59332842899948,0.806640625,3.165888210787671e-05,0.14513419568538666,543.7070922851562,0.6796875,,10581068.0,1022.0,931.130859375,1e-06,0.0,3.165888210787671e-05,0.600862979888916,0.021484375,,,7266,1.0418827272951603,0.1543239951133728,0.0,32.0,0.046875,,0.2184046357870102,0.02259804494678974,,1788934389.745771,73,,1024.0,,,2.9533703327178955,0.01666131056845188,2629.585882128,32.0,0.0292,0.0,0.5,0.025390625,0.0,0.7050440311431885,
79.71821006900018,0.828125,9.555192173138494e-05,0.1939331740140915,541.1704711914062,0.81640625,,11155192.0,1015.0,941.013671875,1e-06,0.0,6.747300903953146e-05,0.9524083137512207,0.0390625,,,12840,1.0233007334172726,0.18051815032958984,2.8078912691853475e-05,2.0,0.0732421875,,0.2884041368961334,0.006075844168663025,,1788936470.9056458,75,,1024.0,,,2.998753786087036,0.01662837341427803,-8887813722.562775,2.0,0.03,9.1552734375e-05,0.375,0.0341796875,0.0,0.7598143815994263,
76.34757338200188,0.802734375,7.581898444186663e-05,0.16324250400066376,553.8515014648438,0.51953125,,11129935.0,993.0,931.255859375,1e-06,0.0,7.581898444186663e-05,1.086198091506958,0.02734375,,,7664,1.07767085544765,0.19030989706516266,0.0,2.0,0.0654296875,,0.26192912459373474,0.0649666041135788,,1788934521.8592129,77,,1024.0,,,2.9938814640045166,0.016585102304816246,2761.699319053,2.0,0.0308,0.0,0.40625,0.0380859375,0.0,0.6704636812210083,
79.09149442599937,0.779296875,5.391785271058325e-05,0.20733514428138733,534.4425048828125,0.875,,11696224.0,1005.0,915.953125,1e-06,0.0,5.391785271058325e-05,0.6225683689117432,0.044921875,,,13238,1.0590420570224524,0.22543174028396606,0.0,2.0,0.099609375,,0.34669229388237,0.07028959691524506,,1788936606.4799335,79,,1024.0,,,2.9964137077331543,0.01662575639784336,-8887813586.98844,2.0,0.0316,0.0,0.28125,0.0546875,0.0,0.6842870712280273,
76.84114626000019,0.828125,3.944634954677895e-05,0.16324250400066376,587.0454711914062,0.578125,,11687803.0,1022.0,948.8984375,1e-06,0.0,3.944634954677895e-05,0.7716978788375854,0.02734375,,,8062,1.026276359334588,0.22543174028396606,0.0,43.0,0.08203125,,0.3160875141620636,0.053362343460321426,,1788934654.436344,81,,1024.0,,,2.9824163913726807,0.016563063487410545,2894.276451637,43.0,0.0324,0.0,0.375,0.0546875,0.0,0.6710565090179443,
79.21889441799976,0.80078125,9.132733521255432e-05,0.19852031767368317,551.686279296875,0.67578125,,12244368.0,1000.0,929.90625,1e-06,0.0,9.132733521255432e-05,0.7285003662109375,0.041015625,,,13636,1.0078053399920464,0.24579854309558868,0.0,2.0,0.10546875,,0.3435303270816803,0.05148518458008766,,1788936742.0505595,83,,1024.0,,,2.924926519393921,0.01645834930241108,-8887813451.417763,2.0,0.0332,0.0,0.375,0.064453125,0.0,0.700027585029602,
76.80370740799526,0.822265625,5.231338400335517e-05,0.15143637359142303,495.912109375,0.62890625,,12235971.0,1023.0,930.140625,1e-06,0.0,5.231338400335517e-05,0.5748374462127686,0.0234375,,,8460,1.0247988514602184,0.18051815032958984,0.0,2.0,0.0576171875,,0.27820464968681335,0.03785937651991844,,1788934787.1312113,85,,1024.0,,,2.9830846786499023,0.0167641993612051,3026.97134966,2.0,0.034,0.0,0.53125,0.0341796875,0.0,0.6757410764694214,
80.55623562100163,0.80859375,4.3942153752141166e-05,0.17934183776378632,630.3162841796875,0.921875,,12802011.0,1022.0,948.646484375,1e-06,0.0,3.491297138680238e-05,1.0731755495071411,0.033203125,,,14034,1.0176034551113844,0.21976542472839355,9.029182365338784e-06,47.0,0.083984375,,0.3292304575443268,-0.021059246733784676,,1788936878.969784,87,,1024.0,,,2.8529961109161377,0.016824426129460335,-8887813314.49861,47.0,0.0348,3.0517578125e-05,0.3125,0.05078125,0.0,0.6870464086532593,
76.85452311300378,0.841796875,0.0,0.1843547374010086,499.13580322265625,0.640625,,12789729.0,1009.0,940.96484375,1e-06,0.0,0.0,0.7768516540527344,0.03515625,,,8858,1.0445440914481878,0.1753847450017929,0.0,2.0,0.0673828125,,0.30942562222480774,0.0036202550400048494,,1788934919.9334571,89,,1024.0,,,2.9885876178741455,0.016844267025589943,3159.773607295,2.0,0.0356,0.0,0.53125,0.0322265625,0.0,0.6481890082359314,
79.58197807700117,0.837890625,0.0,0.19852031767368317,512.2288818359375,0.96484375,,13355806.0,1018.0,941.037109375,1e-06,0.0,0.0,1.4487481117248535,0.041015625,,,14432,0.9465381279587746,0.19604040682315826,0.0,2.0,0.08203125,,0.32524171471595764,-0.00017840461805462837,,1788937015.0974016,91,,1024.0,,,2.9535813331604004,0.016605194658041,-8887813178.370888,2.0,0.0364,0.0,0.34375,0.041015625,0.0,0.7389979362487793,
78.16904097599945,0.806640625,7.306697625608649e-05,0.14513419568538666,529.3636474609375,0.6640625,,13337096.0,979.0,928.357421875,1e-06,0.0,7.306697625608649e-05,0.6496186256408691,0.021484375,,,9256,0.9821229428052902,0.21251286566257477,0.0,2.0,0.0693359375,,0.28936997056007385,0.00935953576117754,,1788935054.367752,93,,1024.0,,,2.914944887161255,0.01670282706618309,3294.20788095,2.0,0.0372,0.0,0.46875,0.0478515625,0.0,0.695939838886261,
79.39875553100092,0.814453125,4.318397623137571e-05,0.19852031767368317,552.3157958984375,0.67578125,,13907332.0,1017.0,936.48046875,1e-06,0.0,2.472561754984781e-05,0.5614449977874756,0.041015625,,,14830,0.947291512042284,0.20496191084384918,1.8458358681527898e-05,2.0,0.0859375,,0.33608412742614746,-0.014819555915892124,,1788937151.3425353,95,,1024.0,,,2.9567317962646484,0.01643282175064087,-8887813042.125864,2.0,0.038,6.103515625e-05,0.40625,0.044921875,0.0,0.6811867952346802,
81.40180088700072,0.828125,0.0,0.15746226906776428,558.0227661132812,0.48828125,,13892378.0,1023.0,943.91015625,1e-06,0.0,0.0,0.7246465682983398,0.025390625,,,9654,1.0186788570135832,0.22325097024440765,0.0,2.0,0.080078125,,0.30876559019088745,0.13705459237098694,,1788935192.1630988,97,,1024.0,,,2.952038049697876,0.0164859127253294,3432.003222197,2.0,0.0388,0.0,0.3125,0.0546875,0.0,0.7324387431144714,
80.9794257239987,0.830078125,0.0,0.1939331740140915,593.4022827148438,0.7421875,,14466158.0,1017.0,950.83203125,1e-06,0.0,0.0,0.9903186559677124,0.0390625,,,15228,0.9727110639214516,0.20829841494560242,0.0,2.0,0.0849609375,,0.3176300525665283,0.01700700633227825,,1788937288.5779123,99,,1024.0,,,2.954800844192505,0.01659526862204075,-8887812904.890448,2.0,0.0396,0.0,0.25,0.0458984375,0.0,0.6550841331481934,
79.48012679600106,0.767578125,8.512666681781411e-06,0.2029850035905838,563.7059326171875,0.80859375,,14433891.0,1009.0,917.017578125,1e-06,0.0,8.512666681781411e-06,0.8032863736152649,0.04296875,,,10052,0.9792192354798317,0.25207066535949707,0.0,2.0,0.11328125,,0.376485139131546,0.04828530550003052,,1788935344.3805838,101,,1024.0,,,2.953004837036133,0.016355762258172035,3584.220756669,2.0,0.0404,0.0,0.3125,0.0703125,0.0,0.7338368892669678,
199.56553606599925,0.810546875,8.062374308792641e-05,0.1939331740140915,517.0824584960938,0.72265625,,15013275.0,1024.0,927.962890625,1e-06,0.0,8.062374308792641e-05,0.6618435382843018,0.0390625,,,20679,0.9125736076384783,0.2215236872434616,0.0,1.0,0.091796875,,0.3431908190250397,0.014088546857237816,,1788939316.4243193,101,0.09853004399974452,1024.0,,,2.985332727432251,0.01643584854900837,202.454296075,1.0,0.0404,0.0,0.34375,0.052734375,0.0,0.6847531795501709,
78.77035927599854,0.798828125,4.8588100071356166e-05,0.18921469151973724,547.1941528320312,0.9609375,,15013335.0,1020.0,928.080078125,1e-06,0.0,4.8588100071356166e-05,0.5820236206054688,0.037109375,,,15626,0.9604426231235266,0.2308928668498993,0.0,1.0,0.095703125,,0.31377550959587097,0.017776595428586006,,1788937440.6543202,103,,1024.0,,,2.9940454959869385,0.016483154147863388,-8887812752.8141,1.0,0.0412,0.0,0.28125,0.05859375,0.0,0.6799877285957336,
76.59479456500003,0.791015625,0.0,0.2492343932390213,561.8598022460938,0.66015625,,15560130.0,1018.0,927.419921875,1e-06,0.0,0.0,0.813194990158081,0.06640625,,,21077,1.022397268563509,0.25660720467567444,0.0,2.0,0.1376953125,,0.4209356904029846,0.11775252223014832,,1788939449.944949,105,,1024.0,,,2.925652503967285,0.01656659133732319,335.975003555,2.0,0.042,0.0,0.28125,0.0712890625,0.0,0.7276982069015503,
77.32086392099927,0.779296875,0.0,0.22372129559516907,557.3274536132812,0.73046875,,15556905.0,1009.0,921.00390625,1e-06,0.0,0.0,0.7512960433959961,0.052734375,,,16024,1.0474998652935028,0.2746807038784027,0.0,1.0,0.134765625,,0.40952736139297485,0.05536439269781113,,1788937574.5200136,107,,1024.0,,,2.954414129257202,0.0165999922901392,-8887812618.948397,1.0,0.0428,0.0,0.28125,0.08203125,0.0,0.6663789749145508,
78.95937121499901,0.8359375,3.299164291092893e-05,0.17416280508041382,538.6785888671875,0.70703125,,16115635.0,1011.0,944.376953125,1e-06,0.0,3.299164291092893e-05,0.7488336563110352,0.03125,,,21475,0.9576081689447165,0.2015654444694519,0.0,5.0,0.0751953125,,0.30280807614326477,-0.0014753774739801884,,1788939586.2755642,109,,1024.0,,,2.9555656909942627,0.016617577522993088,472.305600073,5.0,0.0436,0.0,0.5,0.0439453125,0.0,0.6783126592636108,
81.13880943299864,0.837890625,5.854082974110497e-05,0.17416280508041382,590.867431640625,0.6484375,,16117227.0,1019.0,953.78515625,1e-06,0.0,5.854082974110497e-05,0.7022659778594971,0.03125,,,16422,0.9605984389781952,0.23509246110916138,0.0,2.0,0.08984375,,0.35353177785873413,0.023127922788262367,,1788937712.6120055,111,,1024.0,,,2.928368330001831,0.01629958674311638,-8887812480.856237,2.0,0.0444,0.0,0.28125,0.05859375,0.0,0.6704538464546204,
79.40748480799903,0.802734375,0.0,0.2157193273305893,557.8811645507812,0.6171875,,16664813.0,1004.0,932.05078125,1e-06,0.0,0.0,0.6185579299926758,0.048828125,,,21873,0.9051403403282166,0.23588573932647705,0.0,16.0,0.1083984375,,0.37856945395469666,0.061601411551237106,,1788939722.7896986,113,,1024.0,,,2.977508783340454,0.01639963686466217,608.819709042,16.0,0.0452,0.0,0.25,0.0595703125,0.0,0.6904832124710083,
81.63566236399993,0.814453125,9.588830835127737e-06,0.21976542472839355,583.4631958007812,0.828125,,16671632.0,1020.0,942.259765625,1e-06,0.0,9.588830835127737e-06,0.733381986618042,0.05078125,,,16820,0.9713462460786104,0.2746807038784027,0.0,13.0,0.1328125,,0.4219253957271576,0.03654424846172333,,1788937850.7992795,115,,1024.0,,,2.9905285835266113,0.016510887071490288,-8887812342.669107,13.0,0.046,0.0,0.34375,0.08203125,0.0,0.7472413778305054,
77.33911316800095,0.81640625,0.00010497156472411007,0.1843547374010086,560.1914672851562,0.8125,,17217487.0,1012.0,938.84765625,1e-06,0.0,9.053071426023962e-05,0.7306187152862549,0.03515625,,,22271,0.9799630269408226,0.2630358040332794,1.4440850463870447e-05,2.0,0.1103515625,,0.35394102334976196,0.03695346787571907,,1788939857.3311675,117,,1024.0,,,2.961225986480713,0.01629265584051609,743.361260536,2.0,0.0468,3.0517578125e-05,0.1875,0.0751953125,0.0,0.6937817335128784,
80.075651096,0.80859375,2.606634734547697e-05,0.19852031767368317,568.2550659179688,0.8125,,17223241.0,1010.0,936.767578125,1e-06,0.0,2.606634734547697e-05,0.8207058906555176,0.041015625,,,17218,1.0034755934029818,0.23745228350162506,0.0,1.0,0.1025390625,,0.35491156578063965,0.0386560894548893,,1788937987.8069384,119,,1024.0,,,2.9264228343963623,0.016346639022231102,-8887812205.661444,1.0,0.0476,0.0,0.28125,0.0615234375,0.0,0.6882587671279907,
76.6652561740002,0.76953125,1.538566175440792e-05,0.22372129559516907,507.9067687988281,0.60546875,,17752940.0,1019.0,905.056640625,1e-06,0.0,7.75626722315792e-06,0.8101181983947754,0.052734375,,,22669,0.9826656635850668,0.2540041506290436,7.62939453125e-06,2.0,0.123046875,,0.3975168764591217,0.08394699543714523,,1788939990.7506664,121,,1024.0,,,2.9867324829101562,0.016338985413312912,876.780760752,2.0,0.0484,3.0517578125e-05,0.34375,0.0703125,0.0,0.7143123149871826,
77.91439996500094,0.80078125,8.728796001378214e-05,0.2275916188955307,512.803955078125,0.640625,,17767451.0,1017.0,922.16015625,1e-06,0.0,8.728796001378214e-05,0.8039661645889282,0.0546875,,,17616,0.9159273114055395,0.28678274154663086,0.0,2.0,0.1455078125,,0.39420872926712036,0.13030220568180084,,1788938122.3401766,123,,1024.0,,,2.9957871437072754,0.016095230355858803,-8887812071.128195,2.0,0.0492,0.0,0.21875,0.0908203125,0.0,0.7374329566955566,
77.6856691300004,0.8046875,6.326679886115016e-05,0.2275916188955307,532.0899658203125,1.265625,,18300037.0,1006.0,927.923828125,1e-06,0.0,6.326679886115016e-05,0.5445442199707031,0.0546875,,,23067,1.0223103500902653,0.26617032289505005,0.0,2.0,0.1318359375,,0.4158105254173279,-0.03595830127596855,,1788940125.0989976,125,,1024.0,,,2.838686943054199,0.016332287341356277,1011.128982047,2.0,0.05,0.0,0.1875,0.0771484375,0.0,0.6945650577545166,
78.0839146090002,0.79296875,3.458440551185049e-05,0.22372129559516907,561.6697998046875,1.0625,,18314732.0,1014.0,928.283203125,1e-06,0.0,3.458440551185049e-05,0.7929579019546509,0.052734375,,,18014,0.923845149576664,0.2883925139904022,0.0,4.0,0.146484375,,0.4126513600349426,-0.010416231118142605,,1788938256.332192,127,,1024.0,,,2.9354116916656494,0.0160262081772089,-8887811937.136177,4.0,0.0508,0.0,0.28125,0.09375,0.0,0.7130700349807739,
77.46886150300043,0.775390625,5.675456759490771e-05,0.2387305200099945,559.3043212890625,0.625,,18842805.0,1009.0,919.625,1e-06,0.0,5.675456759490771e-05,1.1066563129425049,0.060546875,,,23465,0.9354540184140205,0.287860244512558,0.0,2.0,0.1533203125,,0.43952107429504395,0.15176525712013245,,1788940259.8925743,129,,1024.0,,,2.9908151626586914,0.016430677846074104,1145.922607412,2.0,0.0516,0.0,0.21875,0.0927734375,0.0,0.7191119194030762,
77.31486885400045,0.783203125,1.7671168279775884e-05,0.23509246110916138,518.369384765625,1.375,,18854815.0,1022.0,914.380859375,1e-06,0.0,1.7671168279775884e-05,0.9498090744018555,0.05859375,,,18412,0.9525358229875565,0.2822420001029968,0.0,1.0,0.1474609375,,0.4234253764152527,-0.042457520961761475,,1788938389.897792,131,,1024.0,,,2.9837846755981445,0.01625024527311325,-8887811803.570534,1.0,0.0524,0.0,0.15625,0.0888671875,0.0,0.6823968887329102,
76.62778013400111,0.80078125,3.945620392187266e-05,0.20733514428138733,548.5882568359375,0.90625,,19390537.0,1019.0,929.2890625,1e-06,0.0,3.945620392187266e-05,0.6181914806365967,0.044921875,,,23863,0.9964678231626749,0.2793700098991394,0.0,9.0,0.1318359375,,0.39530283212661743,0.04084107279777527,,1788940394.2174218,133,,1024.0,,,2.9756839275360107,0.01661616750061512,1280.247438481,9.0,0.0532,0.0,0.15625,0.0869140625,0.0,0.6949589252471924,
76.92026266500125,0.76953125,7.015434584900504e-05,0.26553234457969666,526.8983154296875,1.1015625,,19392381.0,1024.0,909.43359375,1e-06,0.0,7.015434584900504e-05,0.637338399887085,0.076171875,,,18810,0.9375918656587601,0.3254399597644806,0.0,19.0,0.1982421875,,0.49583080410957336,0.003169073723256588,,1788938523.2971609,135,,1024.0,,,2.985891342163086,0.016398997977375984,-8887811670.171211,19.0,0.054,0.0,0.0,0.1220703125,0.0,0.7136112451553345,
76.22418764899976,0.783203125,0.00010803139230119996,0.22372129559516907,534.630615234375,0.77734375,,19932553.0,1010.0,917.90625,1e-06,0.0,0.00010803139230119996,0.5801028609275818,0.052734375,,,24261,0.9585577305406332,0.28561586141586304,0.0,2.0,0.14453125,,0.4318636953830719,0.08175742626190186,,1788940528.0840814,137,,1024.0,,,2.9719161987304688,0.01630477048456669,1414.114198421,2.0,0.0548,0.0,0.3125,0.091796875,0.0,0.6746116876602173,
77.44876720999946,0.76953125,3.2566935260547325e-05,0.2157193273305893,571.3983154296875,0.474609375,,19935310.0,1019.0,919.689453125,1e-06,0.0,3.2566935260547325e-05,0.6455866098403931,0.048828125,,,19208,0.9368183221668005,0.27408868074417114,0.0,2.0,0.1328125,,0.36738017201423645,0.11621920764446259,,1788938657.373633,139,,1024.0,,,2.95512318611145,0.0160033218562603,-8887811536.094719,2.0,0.0556,0.0,0.25,0.083984375,0.0,0.6652963161468506,
76.07774743600021,0.763671875,3.382055729161948e-05,0.2275916188955307,568.21484375,0.70703125,,20473723.0,1017.0,916.28515625,1e-06,0.0,3.382055729161948e-05,0.59649658203125,0.0546875,,,24659,0.9514028429985046,0.31527480483055115,0.0,1.0,0.1669921875,,0.45753565430641174,0.10136806219816208,,1788940660.8405476,141,,1024.0,,,2.997962713241577,0.01621311530470848,1546.870547626,1.0,0.0564,0.0,0.15625,0.1123046875,0.0,0.6900061368942261,
77.91264500000034,0.75,0.0001345915279671317,0.25260838866233826,586.9375,0.890625,,20475686.0,1024.0,914.734375,1e-06,0.0,0.0001345915279671317,0.5500855445861816,0.068359375,,,19606,0.89639494381845,0.3258228898048401,0.0,1.0,0.19140625,,0.4870980978012085,0.03290832042694092,,1788938791.6574786,143,,1024.0,,,2.960634469985962,0.016196083277463913,-8887811401.810812,1.0,0.0572,0.0,0.125,0.123046875,0.0,0.699076235294342,
76.77936661599915,0.748046875,5.048273760621669e-05,0.2834126651287079,564.6511840820312,1.015625,,21010771.0,997.0,908.265625,1e-06,0.0,5.048273760621669e-05,0.6244748830795288,0.087890625,,,25057,0.9831619597971439,0.31172236800193787,0.0,2.0,0.19921875,,0.49395501613616943,0.007932006381452084,,1788940794.2942905,145,,1024.0,,,2.964707612991333,0.016209516674280167,1680.324329994,2.0,0.058,0.0,0.15625,0.111328125,0.0,0.7019147872924805,
77.68187454300096,0.744140625,5.1393370085861534e-05,0.26863065361976624,566.2137451171875,0.87890625,,21012020.0,1024.0,906.87109375,1e-06,0.0,5.1393370085861534e-05,0.587861955165863,0.078125,,,20004,1.032230120152235,0.32769882678985596,0.0,1.0,0.2021484375,,0.5040494203567505,0.03856557235121727,,1788938925.7062662,147,,1024.0,,,2.8195383548736572,0.016127469018101692,-8887811267.762123,1.0,0.0588,0.0,0.125,0.1240234375,0.0,0.696108341217041,
76.0051875170002,0.734375,4.113384784432128e-05,0.2623828947544098,542.8014526367188,0.75390625,,21541648.0,1022.0,896.181640625,1e-06,0.0,4.113384784432128e-05,0.6061148643493652,0.07421875,,,25455,0.9624319262802601,0.31172236800193787,0.0,2.0,0.185546875,,0.46894362568855286,0.06776686757802963,,1788940927.8454776,149,,1024.0,,,2.982480764389038,0.01633523404598236,1813.875515416,2.0,0.0596,0.0,0.25,0.111328125,0.0,0.716841459274292,
81.31312755399995,0.791015625,9.753492577146972e-05,0.25592297315597534,596.6168212890625,0.59765625,,21562610.0,1024.0,934.68359375,1e-06,0.0,9.753492577146972e-05,0.6721343398094177,0.0703125,,,20402,0.9301446005702019,0.31414681673049927,0.0,33.0,0.18359375,,0.48407554626464844,0.0730985477566719,,1788939079.7272093,151,,1024.0,,,2.9547953605651855,0.016240546479821205,-8887811113.741169,33.0,0.0604,0.0,0.21875,0.11328125,0.0,0.6706889271736145,
195.0041588199997,0.763671875,4.794321102963295e-05,0.25592297315597534,561.0082397460938,0.69921875,,22081946.0,1012.0,914.58203125,1e-06,0.0,4.794321102963295e-05,0.5267903804779053,0.0703125,5.700999281543773e-06,,31029,0.9849460851401091,0.31612229347229004,0.0,12.0,0.1845703125,,0.49913448095321655,0.04883953928947449,,1788943003.9066324,151,,1024.0,,,2.9673006534576416,0.016396578401327133,-4657814544.008862,12.0,0.0604,0.0,0.28125,0.1142578125,0.0,0.7095847129821777,
76.23590684799956,0.736328125,3.0517578125e-05,0.25592297315597534,567.8518676757812,0.84375,,22076388.0,1016.0,903.7265625,1e-06,0.0,3.0517578125e-05,0.7206692695617676,0.0703125,,,25853,0.8907977603375912,0.3368111848831177,0.0,3.0,0.203125,,0.4923584461212158,0.10084094852209091,,1788941078.5528483,153,,1024.0,,,2.9682929515838623,0.01632022112607956,1964.582834266,3.0,0.0612,0.0,0.09375,0.1328125,0.0,0.6886676549911499,
74.88319605200013,0.73828125,3.474960431049112e-05,0.2746807038784027,493.8507385253906,0.92578125,,22607226.0,1011.0,885.25,1e-06,0.0,3.474960431049112e-05,0.8915104866027832,0.08203125,,,31427,0.9401670601218939,0.34594178199768066,0.0,2.0,0.220703125,,0.5083655118942261,0.13074983656406403,,1788943135.183557,155,,1024.0,,,2.9257972240448,0.016254017129540443,-4657814412.731891,2.0,0.062,0.0,0.125,0.138671875,0.0,0.697948694229126,
77.78032368800177,0.767578125,3.4884671549662016e-05,0.2591804563999176,583.7479248046875,0.7421875,,22620302.0,1022.0,921.67578125,1e-06,0.0,3.4884671549662016e-05,0.6585111618041992,0.072265625,,,26251,0.9054716844111681,0.32769882678985596,0.0,2.0,0.1962890625,,0.4886639714241028,0.06705398112535477,,1788941213.4859056,157,,1024.0,,,2.896547317504883,0.016188669949769974,2099.515904452,2.0,0.0628,0.0,0.15625,0.1240234375,0.0,0.6826201677322388,
74.56095383900015,0.732421875,4.870890461461386e-05,0.2776356339454651,555.6861572265625,0.69140625,,23139371.0,1015.0,898.689453125,1e-06,0.0,4.870890461461386e-05,0.8282206058502197,0.083984375,,,31825,0.9731021411716938,0.3604893386363983,0.0,2.0,0.2392578125,,0.5425909161567688,0.139809712767601,,1788943266.1933339,159,,1024.0,,,2.9677841663360596,0.016284393146634102,-4657814281.722157,2.0,0.0636,0.0,0.09375,0.1552734375,0.0,0.690241277217865,
76.00756046599872,0.732421875,7.028807431197492e-05,0.29713961482048035,577.99267578125,0.97265625,,23155519.0,991.0,904.658203125,1e-06,0.0,7.028807431197492e-05,0.8016390800476074,0.09765625,,,26649,0.8665490783751011,0.3491804301738739,0.0,2.0,0.2421875,,0.5453391671180725,0.03544329106807709,,1788941346.4471068,161,,1024.0,,,2.9008944034576416,0.016045616939663887,2232.477192647,2.0,0.0644,0.0,0.21875,0.14453125,0.0,0.7749808430671692,
75.1658909560008,0.72265625,6.818040583311813e-05,0.271679550409317,595.274658203125,0.84375,,23674812.0,1020.0,905.095703125,1e-06,0.0,6.818040583311813e-05,0.5249372720718384,0.080078125,,,32223,0.9189771488308907,0.3673476576805115,0.0,7.0,0.2412109375,,0.5298532843589783,0.09531667083501816,,1788943398.0291057,163,,1024.0,,,2.962509870529175,0.01609172485768795,-4657814149.886331,7.0,0.0652,0.0,0.0625,0.1611328125,0.0,0.681947648525238,
76.27665974400043,0.736328125,7.148545773816295e-05,0.30236753821372986,547.04443359375,0.984375,,23687386.0,1024.0,898.240234375,1e-06,0.0,3.1806247534404974e-05,0.7357504367828369,0.1015625,,,27047,0.9491066448390484,0.3550582826137543,3.967921111325268e-05,25.0,0.251953125,,0.5498586297035217,0.043235864490270615,,1788941479.5432389,165,,1024.0,,,2.960456371307373,0.01623569242656231,2365.573269021,25.0,0.066,0.000152587890625,0.1875,0.150390625,0.0,0.7242090106010437,
74.70326571100009,0.73046875,7.62939453125e-06,0.2834126651287079,528.9710083007812,0.7421875,,24202754.0,1021.0,890.57421875,1e-06,0.0,7.62939453125e-06,0.7896747589111328,0.087890625,,,32621,1.0617438685148954,0.35615861415863037,0.0,2.0,0.2373046875,,0.5479323863983154,0.08887474238872528,,1788943529.2569146,167,,1024.0,,,2.930807113647461,0.016278361901640892,-4657814018.658578,2.0,0.0668,0.0,0.15625,0.1494140625,0.0,0.7395069003105164,
77.44420978799917,0.74609375,7.62939453125e-06,0.25592297315597534,555.3461303710938,1.0859375,,24222781.0,1008.0,905.005859375,1e-06,0.0,7.62939453125e-06,0.6003644466400146,0.0703125,,,27445,1.0272895377129316,0.34888339042663574,0.0,2.0,0.2138671875,,0.5108060240745544,-0.06115160137414932,,1788941613.887945,169,,1024.0,,,2.938725233078003,0.016229091212153435,2499.918071146,2.0,0.0676,0.0,0.15625,0.1435546875,0.0,0.6943798065185547,
74.66657078599997,0.740234375,3.150649536109995e-05,0.26553234457969666,521.5263061523438,0.80078125,,24732245.0,1019.0,893.474609375,1e-06,0.0,3.150649536109995e-05,0.5490703582763672,0.076171875,,,33019,0.9061214085668325,0.3389322757720947,0.0,1.0,0.2109375,,0.5048081278800964,0.07422281801700592,,1788943661.317717,171,,1024.0,,,2.9514126777648926,0.016305934637784958,-4657813886.597746,1.0,0.0684,0.0,0.21875,0.134765625,0.0,0.7372274398803711,
77.60535401699917,0.73828125,4.8956380851450376e-05,0.26863065361976624,536.2985229492188,0.91015625,,24753701.0,1023.0,896.359375,1e-06,0.0,3.3697591788950376e-05,0.6263285875320435,0.078125,,,27843,0.8931535929441452,0.3499840497970581,1.52587890625e-05,10.0,0.220703125,,0.5197857022285461,0.08464592695236206,,1788941748.2325366,173,,1024.0,,,2.918349504470825,0.01603630930185318,2634.262554683,10.0,0.0692,6.103515625e-05,0.09375,0.142578125,0.0,0.7001588344573975,
75.62992209499998,0.681640625,1.5775901374581736e-05,0.29176566004753113,573.4171752929688,0.82421875,,25255072.0,1019.0,880.552734375,1e-06,0.0,1.5775901374581736e-05,0.7999529838562012,0.09375,,,33417,0.9354994930326939,0.3940790295600891,0.0,21.0,0.287109375,,0.5873668789863586,0.09617145359516144,,1788943793.367824,175,,1024.0,,,2.841752529144287,0.015979574993252754,-4657813754.54769,21.0,0.07,0.0,0.0625,0.193359375,0.0,0.7328351736068726,
77.45475182400014,0.71875,0.0,0.3196168541908264,555.3611450195312,1.3046875,,25282489.0,1024.0,892.1953125,1e-06,0.0,0.0,0.5990636348724365,0.115234375,,,28241,0.9253489002585411,0.37091994285583496,0.0,4.0,0.2802734375,,0.5984826683998108,0.02177787385880947,,1788941882.6994097,177,,1024.0,,,2.9946563243865967,0.016133029013872147,2768.729430437,4.0,0.0708,0.0,0.09375,0.1650390625,0.0,0.7279079556465149,
75.10907301099996,0.724609375,5.687156317435438e-05,0.28054583072662354,590.8156127929688,0.75,,25790265.0,1014.0,904.705078125,1e-06,0.0,5.687156317435438e-05,0.6219425201416016,0.0859375,,,33815,0.8804467301815748,0.3746277689933777,0.0,2.0,0.255859375,,0.54536372423172,0.11333924531936646,,1788943925.260502,179,,1024.0,,,2.8968114852905273,0.015913277864456177,-4657813622.655053,2.0,0.0716,0.0,0.09375,0.169921875,0.0,0.6956652402877808,
78.07960992500148,0.67578125,2.4424913135590032e-05,0.31484565138816833,565.3915405273438,0.84375,,25802632.0,1021.0,875.310546875,1e-06,0.0,8.178487405530177e-06,0.5565042495727539,0.111328125,,,28639,0.9145007859915495,0.3684968948364258,1.6246425730059855e-05,2.0,0.27734375,,0.573582112789154,0.1457710862159729,,1788942017.8408341,181,,1024.0,,,2.9592816829681396,0.015870722010731697,2903.870850276,2.0,0.0724,6.103515625e-05,0.09375,0.166015625,0.0,0.7230044007301331,
74.51351194500012,0.650390625,3.054186981898965e-05,0.33757632970809937,561.3575439453125,0.69140625,,26303724.0,1020.0,862.255859375,1e-06,0.0,3.054186981898965e-05,0.7663934230804443,0.130859375,,,34213,0.905047507956624,0.39572805166244507,0.0,17.0,0.3271484375,,0.6286578178405762,0.10954698175191879,,1788944056.4639897,183,,1024.0,,,2.9875595569610596,0.0160230565816164,-4657813491.451497,17.0,0.0732,0.0,0.125,0.1962890625,0.0,0.7276370525360107,
76.9816260549992,0.705078125,2.3893770958238747e-05,0.3310423493385315,550.3046264648438,1.0703125,,26327408.0,1022.0,884.296875,1e-06,0.0,2.3893770958238747e-05,0.45488715171813965,0.125,,,29037,0.9261604100465775,0.4029412269592285,0.0,24.0,0.330078125,,0.6236010193824768,0.07103227823972702,,1788942152.0021353,185,,1024.0,,,2.9208481311798096,0.016012193635106087,3038.03220213,24.0,0.074,0.0,0.09375,0.205078125,0.0,0.7401540875434875,
74.43079369900124,0.6875,3.976564676122507e-05,0.33324605226516724,541.78125,1.3515625,,26822873.0,1013.0,873.306640625,1e-06,0.0,3.976564676122507e-05,0.976982593536377,0.126953125,,,34611,0.8557016495615244,0.4029412269592285,0.0,58.0,0.33203125,,0.6114605069160461,-0.054252445697784424,,1788944187.4788516,187,,1024.0,,,2.9482131004333496,0.01587970368564129,-4657813360.436628,58.0,0.0748,0.0,0.09375,0.205078125,0.0,0.6894145011901855,
76.39547466899967,0.703125,2.5532495783409104e-05,0.30236753821372986,579.9342041015625,1.2109375,,26856182.0,1024.0,892.16796875,1e-06,0.0,2.5532495783409104e-05,0.7896707057952881,0.1015625,,,29435,0.8839583676308393,0.39269328117370605,0.0,50.0,0.2939453125,,0.5927006006240845,0.11799325048923492,,1788942285.2287626,189,,1024.0,,,2.809817314147949,0.015973001718521118,3171.258790157,50.0,0.0756,0.0,0.125,0.1923828125,0.0,0.6851128935813904,
75.16278090199921,0.6875,5.0994783123314846e-05,0.32195815443992615,556.4000244140625,0.875,,27344329.0,1003.0,877.875,1e-06,0.0,5.0994783123314846e-05,0.42520809173583984,0.1171875,,,35009,0.8424541410058737,0.39254847168922424,0.0,19.0,0.30859375,,0.6061365604400635,0.17891235649585724,,1788944319.1089776,191,,1024.0,,,2.9251315593719482,0.015921907499432564,-4657813228.80647,19.0,0.0764,0.0,0.03125,0.19140625,0.0,0.7407761812210083,
75.85686450300273,0.6796875,5.1266199989186134e-05,0.32427072525024414,542.8353271484375,1.09375,,27373607.0,1009.0,869.876953125,1e-06,0.0,4.3636805457936134e-05,0.6364245414733887,0.119140625,,,29833,0.8466223329305649,0.39598873257637024,7.62939453125e-06,2.0,0.3173828125,,0.6203895211219788,0.015624438412487507,,1788942417.7279081,193,,1024.0,,,2.8187472820281982,0.015890400856733322,3303.757940838,2.0,0.0772,3.0517578125e-05,0.09375,0.1982421875,0.0,0.7279559373855591,
74.46793825399982,0.68359375,3.076170378335519e-05,0.32881227135658264,528.2531127929688,0.9375,,27860354.0,1020.0,867.142578125,1e-06,0.0,3.076170378335519e-05,0.9415872097015381,0.123046875,,,35407,0.8247076813131571,0.40325769782066345,0.0,11.0,0.3310546875,,0.6258242726325989,0.02802412211894989,,1788944450.485528,195,,1024.0,,,2.9911155700683594,0.015622046776115894,-4657813097.429991,11.0,0.078,0.0,0.09375,0.2080078125,0.0,0.7372069358825684,
76.495046035001,0.689453125,4.695439292845549e-05,0.3265552520751953,571.918212890625,0.74609375,,27897950.0,1015.0,883.607421875,1e-06,0.0,4.695439292845549e-05,1.3553698062896729,0.12109375,,,30231,0.8856154549866915,0.3988223671913147,0.0,1.0,0.322265625,,0.6142886877059937,0.11602028459310532,,1788942551.2200913,197,,1024.0,,,2.858018398284912,0.016225626692175865,3437.250162761,1.0,0.0788,0.0,0.09375,0.201171875,0.0,0.7025458216667175,
75.05437424000047,0.669921875,1.0327165000489913e-05,0.32427072525024414,545.8402709960938,0.78125,,28375769.0,1019.0,866.169921875,1e-06,0.0,1.0327165000489913e-05,0.624779224395752,0.119140625,,,35805,0.9279683846980333,0.4167802929878235,0.0,2.0,0.34765625,,0.6404761672019958,0.07384172081947327,,1788944582.0491807,199,,1024.0,,,2.9860429763793945,0.0161490086466074,-4657812965.866279,2.0,0.0796,0.0,0.125,0.228515625,0.0,0.7068297266960144,
77.93433696600096,0.623046875,8.219358278438449e-06,0.38430243730545044,530.6113891601562,0.85546875,,28399014.0,1022.0,838.015625,1e-06,0.0,8.219358278438449e-06,0.797492265701294,0.1796875,,,30629,0.9040954262018204,0.4499087631702423,0.0,2.0,0.462890625,,0.7279638648033142,0.17655810713768005,,1788942703.1285641,201,,1024.0,,,2.9438018798828125,0.015775471925735474,3589.158590909,2.0,0.0804,0.0,0.09375,0.283203125,0.0,0.7220666408538818,
76.58151518999966,0.66796875,2.377422606514301e-05,0.3418070077896118,536.7882690429688,0.83984375,,28889231.0,1011.0,862.23046875,1e-06,0.0,2.377422606514301e-05,1.9527220726013184,0.134765625,,,36203,0.9239108394831419,0.41544267535209656,0.0,10.0,0.3603515625,,0.6528053879737854,0.13975383341312408,,1788944732.1015754,203,,1024.0,,,2.905738353729248,0.015889490023255348,-4657812815.813878,10.0,0.0812,0.0,0.0625,0.2255859375,0.0,0.7510483860969543,
74.8204449119985,0.625,3.830107016256079e-05,0.3499840497970581,578.3177490234375,1.1875,,29399900.0,1024.0,856.869140625,1e-06,0.0,3.830107016256079e-05,0.7885711193084717,0.142578125,,,36601,0.8432377893477678,0.4367556869983673,0.0,15.0,0.3994140625,,0.6629263162612915,-0.013651333749294281,,1788944863.6126764,207,,1024.0,,,2.9884915351867676,0.01577041856944561,-4657812684.302826,15.0,0.0828,0.0,0.0625,0.2568359375,0.0,0.682168185710907,
74.64918981200208,0.58203125,2.347814734093845e-05,0.3759314715862274,538.9906616210938,1.46875,,29892364.0,1012.0,821.28125,1e-06,0.0,8.219358278438449e-06,0.740415096282959,0.169921875,,,36999,0.812937393784523,0.46211257576942444,1.52587890625e-05,38.0,0.48046875,,0.7219032049179077,0.03152337670326233,,1788944994.9998093,211,,1024.0,,,2.9815170764923096,0.015593006275594234,-4657812552.915653,38.0,0.0844,6.103515625e-05,0.03125,0.310546875,0.0,0.7456762790679932,
74.88749712999879,0.5859375,3.6074428862775676e-05,0.3937928080558777,585.4151000976562,0.81640625,,30395656.0,1017.0,842.3984375,1e-06,0.0,2.745373876678059e-05,0.5013799667358398,0.19140625,,,37397,0.8317352943122387,0.4635608494281769,8.620690095995087e-06,32.0,0.5068359375,,0.7392094731330872,0.11673257499933243,,1788945126.655514,215,,1024.0,,,2.9569454193115234,0.01569700613617897,-4657812421.259925,32.0,0.086,3.0517578125e-05,0.03125,0.3154296875,0.0,0.7336534261703491,
74.88307965199965,0.650390625,2.693837450351566e-05,0.36528825759887695,539.8212280273438,0.83984375,,30905340.0,1017.0,854.7265625,1e-06,0.0,2.693837450351566e-05,0.9120769500732422,0.158203125,,,37795,0.8350744154304266,0.43991222977638245,0.0,20.0,0.4228515625,,0.7053092122077942,0.20243121683597565,,1788945258.197952,219,,1024.0,,,2.9744362831115723,0.015708182007074356,-4657812289.717453,20.0,0.0876,0.0,0.03125,0.2646484375,0.0,0.7610130310058594,
74.81004179000092,0.64453125,3.649221162049798e-05,0.3724585771560669,551.02197265625,1.5078125,,31415450.0,1023.0,855.87109375,1e-06,0.0,3.649221162049798e-05,0.5276739597320557,0.166015625,,,38193,0.8494995478540659,0.44489723443984985,0.0,52.0,0.4423828125,,0.7174785733222961,-0.10412585735321045,,1788945389.789824,223,,1024.0,,,2.981372833251953,0.01573023945093155,-4657812158.125671,52.0,0.0892,0.0,0.0625,0.2763671875,0.0,0.743048906326294,
73.94967679300044,0.595703125,0.0,0.3875311613082886,535.8309326171875,1.046875,,31910687.0,1019.0,826.634765625,1e-06,0.0,0.0,0.6963233947753906,0.18359375,,,38591,0.832184562459588,0.465396910905838,0.0,20.0,0.5078125,,0.742172122001648,0.15928199887275696,,1788945520.56019,227,,1024.0,,,2.9061615467071533,0.015323849394917488,-4657812027.355266,20.0,0.0908,0.0,0.0625,0.32421875,0.0,0.7363719344139099,
75.31869611800084,0.599609375,8.596974112151656e-06,0.3983237147331238,555.5950927734375,1.46875,,32411000.0,1024.0,836.455078125,1e-06,0.0,8.596974112151656e-06,1.1903586387634277,0.197265625,,,38989,0.8250355497002602,0.46600425243377686,0.0,21.0,0.517578125,,0.7537795305252075,-0.04130396991968155,,1788945652.8208585,231,,1024.0,,,2.9906535148620605,0.015330352820456028,-4657811895.094647,21.0,0.0924,0.0,0.125,0.3203125,0.0,0.7973787784576416,
74.01255875200059,0.541015625,1.7456903151469305e-05,0.40698084235191345,522.1531982421875,1.15625,,32889274.0,1020.0,793.66015625,1e-06,0.0,1.7456903151469305e-05,0.9916605949401855,0.208984375,,,39387,0.8243271876126528,0.47891178727149963,0.0,14.0,0.57421875,,0.7822388410568237,0.09506045281887054,,1788945783.578392,235,,1024.0,,,2.8891873359680176,0.015289871953427792,-4657811764.3371315,14.0,0.094,0.0,0.0,0.365234375,0.0,0.7845366597175598,
73.23895604900099,0.53125,3.254815237596631e-05,0.42999663949012756,525.6333618164062,1.265625,,33366002.0,1020.0,790.390625,1e-06,0.0,2.288818359375e-05,0.5859098434448242,0.244140625,,,39785,0.7780447397381067,0.47937846183776855,9.65996878221631e-06,1.0,0.607421875,,0.8109956383705139,-0.07117016613483429,,1788945913.6802163,239,,1024.0,,,2.989912748336792,0.015374510549008846,-4657811634.235197,1.0,0.0956,3.0517578125e-05,0.0625,0.36328125,0.0,0.7934456467628479,
74.25207510500059,0.568359375,7.62939453125e-06,0.4041535556316376,545.3619995117188,0.90234375,,33856575.0,1024.0,817.400390625,1e-06,0.0,7.62939453125e-06,0.7613680362701416,0.205078125,,,40183,0.7774989455938339,0.477505087852478,0.0,62.0,0.55859375,,0.7747762799263,0.1507757306098938,,1788946044.7345986,243,,1024.0,,,2.9789836406707764,0.015483129769563675,-4657811503.180888,62.0,0.0972,0.0,0.0625,0.353515625,0.0,0.7049568295478821,
73.71821009999894,0.53125,2.0731546101160347e-05,0.42882615327835083,519.4708862304688,1.0859375,,34331760.0,1020.0,787.501953125,1e-06,0.0,2.0731546101160347e-05,0.4933619499206543,0.2421875,,,40581,0.7966072279959917,0.48307567834854126,0.0,2.0,0.619140625,,0.8057187795639038,0.0011079702526330948,,1788946175.1138608,247,,1024.0,,,2.9856491088867188,0.015183618292212486,-4657811372.801667,2.0,0.0988,0.0,0.125,0.376953125,0.0,0.776451826095581,
74.4418588460021,0.517578125,0.0,0.42644867300987244,513.340087890625,1.078125,,34801883.0,1023.0,777.646484375,1e-06,0.0,0.0,0.4830780029296875,0.23828125,,,40979,0.8306281846016645,0.488937646150589,0.0,4.0,0.6337890625,,0.7871092557907104,0.058103762567043304,,1788946322.9642205,251,,1024.0,,,2.9242899417877197,0.015605549328029156,-4657811224.951218,4.0,0.1004,0.0,0.03125,0.3955078125,0.0,0.762651264667511,
197.91909293100025,0.517578125,0.0,0.42644867300987244,513.340087890625,1.078125,,34801883.0,1023.0,777.646484375,1e-06,0.0,0.0,0.4830780029296875,0.23828125,,,41793,0.8306281846016645,0.488937646150589,0.0,4.0,0.6337890625,,0.7871092557907104,0.058103762567043304,,1788946782.9686816,251,,1024.0,,,2.9242899417877197,0.015605549328029156,200.923666633,4.0,0.1004,0.0,0.03125,0.3955078125,0.0,0.762651264667511,
75.16869930099983,0.583984375,1.7218225366377737e-05,0.39980348944664,553.81689453125,1.15625,,35298070.0,1022.0,828.396484375,1e-06,0.0,1.7218225366377737e-05,0.8208622932434082,0.19921875,,,41377,0.832497788593173,0.4730861783027649,0.0,17.0,0.5390625,,0.756858766078949,0.09859231114387512,,1788946456.3847024,255,,1024.0,,,2.959786891937256,0.015444462187588215,-4657811091.530766,17.0,0.102,0.0,0.03125,0.33984375,0.0,0.719071626663208,
76.6705895680002,0.552734375,0.0,0.409751296043396,531.07421875,1.1171875,,35285339.0,1024.0,803.53125,1e-06,0.0,0.0,0.6132657527923584,0.212890625,,,42191,0.8158713225275278,0.47271037101745605,0.0,25.0,0.5546875,,0.7956200242042542,0.05704735592007637,,1788946916.5173624,255,,1024.0,,,2.9427602291107178,0.015428868122398853,334.472344437,25.0,0.102,0.0,0.0,0.341796875,0.0,0.7334612607955933,
75.28898132499944,0.517578125,4.464192898012698e-05,0.4323015511035919,543.631591796875,1.046875,,35762960.0,1021.0,792.259765625,1e-06,0.0,4.464192898012698e-05,0.9812519550323486,0.248046875,,,42589,0.7926590479910374,0.4899294376373291,0.0,20.0,0.6533203125,,0.7977639436721802,0.03132674843072891,,1788947048.5392609,259,,1024.0,,,2.993215560913086,0.015193134546279907,466.494223957,20.0,0.1036,0.0,0.03125,0.4052734375,0.0,0.7358728051185608,
75.76870336199977,0.560546875,5.535803211387247e-05,0.42882615327835083,533.3555908203125,1.0546875,,36248821.0,1013.0,808.384765625,1e-06,0.0,5.535803211387247e-05,0.6464295387268066,0.2421875,,,42987,0.8119047079235315,0.4817872643470764,0.0,21.0,0.6123046875,,0.8154482841491699,0.09037957340478897,,1788947181.3329632,263,,1024.0,,,2.9681801795959473,0.015278725884854794,599.287952632,21.0,0.1052,0.0,0.0,0.3701171875,0.0,0.7791409492492676,
75.14816092099954,0.498046875,0.0,0.4410543739795685,530.1984252929688,1.0546875,,36718330.0,1016.0,776.134765625,1e-06,0.0,0.0,0.8391427993774414,0.263671875,,,43385,0.7892274837940931,0.4896182417869568,0.0,28.0,0.669921875,,0.8063068389892578,0.03473307564854622,,1788947313.125341,267,,1024.0,,,2.8793516159057617,0.015187148936092854,731.08038071,28.0,0.1068,0.0,0.0,0.40625,0.0,0.7179265022277832,
75.60871396700009,0.58203125,6.044996189302765e-05,0.4111155867576599,502.74298095703125,1.0859375,,37203069.0,1024.0,806.130859375,1e-06,0.0,6.044996189302765e-05,0.5642476081848145,0.21484375,,,43783,0.7671521473675966,0.47729191184043884,0.0,1.0,0.5693359375,,0.7786140441894531,0.1653989851474762,,1788947445.4570568,271,,1024.0,,,2.9740800857543945,0.015260928310453892,863.41198677,1.0,0.1084,0.0,0.09375,0.3544921875,0.0,0.7798224091529846,
75.9798455669993,0.55078125,9.671928637544625e-06,0.42278963327407837,548.3347778320312,1.203125,,37689890.0,1016.0,810.322265625,1e-06,0.0,9.671928637544625e-06,0.6768798828125,0.232421875,,,44181,0.7993171960115433,0.4870156943798065,0.0,27.0,0.6171875,,0.8192507028579712,-0.011394072324037552,,1788947578.1049323,275,,1024.0,,,2.858574628829956,0.015469740144908428,996.05992065,27.0,0.11,0.0,0.03125,0.384765625,0.0,0.7674955129623413,
75.59696954100013,0.62890625,0.0,0.41380295157432556,503.83685302734375,1.03125,,38187363.0,1024.0,830.970703125,1e-06,0.0,0.0,0.5010132789611816,0.21875,,,44579,0.7970074340701103,0.46600425243377686,0.0,30.0,0.5390625,,0.8032696843147278,-0.0012983502820134163,,1788947710.367154,279,,1024.0,,,2.9746673107147217,0.015309470705688,1128.322182729,30.0,0.1116,0.0,0.21875,0.3203125,0.0,0.7603673934936523,
75.54435548999913,0.529296875,2.43272743318812e-05,0.4389347732067108,520.5186767578125,1.2890625,,38662296.0,1024.0,787.009765625,1e-06,0.0,2.43272743318812e-05,0.4979119300842285,0.259765625,,,44977,0.8099783342331648,0.48775580525398254,0.0,24.0,0.6591796875,,0.8249732851982117,0.13272948563098907,,1788947842.905333,283,,1024.0,,,2.961846351623535,0.015212171711027622,1260.860288868,24.0,0.1132,0.0,0.0625,0.3994140625,0.0,0.7865132093429565,
73.81041703899973,0.45703125,2.4887104700610507e-05,0.45732781291007996,489.85614013671875,1.515625,,39110028.0,1014.0,733.9765625,1e-06,0.0,2.4887104700610507e-05,0.6491841077804565,0.296875,,,45375,0.7607180513441563,0.4980996251106262,0.0,2.0,0.7666015625,,0.8415097594261169,0.12286969274282455,,1788947973.3032918,287,,1024.0,,,2.897674560546875,0.01509885024279356,1391.25827813,2.0,0.1148,0.0,0.03125,0.4697265625,0.0,0.7820825576782227,
75.86498845200049,0.59375,6.855550327600213e-05,0.4323015511035919,495.0192565917969,1.0390625,,39596288.0,1020.0,809.1015625,1e-06,0.0,6.855550327600213e-05,0.47166579961776733,0.248046875,,,45773,0.8248521126806736,0.477505087852478,0.0,22.0,0.6015625,,0.8302249312400818,0.023456793278455734,,1788948105.6482213,291,,1024.0,,,2.854416847229004,0.015303985215723515,1523.603189462,22.0,0.1164,0.0,0.09375,0.353515625,0.0,0.6898131966590881,
75.4986055440022,0.501953125,5.1401865675870795e-05,0.4607250988483429,510.1372985839844,1.4296875,,40061525.0,976.0,768.072265625,1e-06,0.0,5.1401865675870795e-05,0.5053591728210449,0.3046875,,,46171,0.773961840197444,0.49231866002082825,0.0,36.0,0.7294921875,,0.8495246171951294,0.1701047271490097,,1788948237.7860324,295,,1024.0,,,2.8829026222229004,0.015089768916368484,1655.741018515,36.0,0.118,0.0,0.09375,0.4248046875,0.0,0.7971997261047363,
75.32223761899786,0.5078125,4.545288447843632e-05,0.45004892349243164,498.8095397949219,1.5546875,,40525417.0,1020.0,765.5078125,1e-06,0.0,4.545288447843632e-05,0.7023006081581116,0.28125,,,46569,0.7891281917691231,0.49544522166252136,0.0,18.0,0.7216796875,,0.8487234115600586,0.1920749992132187,,1788948369.7990818,299,,1024.0,,,2.9718680381774902,0.015341715887188911,1787.754023572,18.0,0.1196,0.0,0.0,0.4404296875,0.0,0.8046904802322388,
199.52847226799759,0.478515625,4.50110355814104e-05,0.4461594223976135,495.55804443359375,1.421875,,40980547.0,1021.0,748.42578125,1e-06,0.0,4.50110355814104e-05,0.5816473960876465,0.2734375,,,52364,0.8293158281594515,0.4969174861907959,0.0,2.0,0.72265625,,0.8218126893043518,-0.046418771147727966,,1788950491.7926693,301,,1024.0,,,2.9176385402679443,0.015045438893139362,404185460.66229737,2.0,0.1204,0.0,0.03125,0.44921875,0.0,0.7740840315818787,
75.19152242699965,0.45703125,1.188212900160579e-05,0.4760620892047882,516.96044921875,1.1484375,,40980684.0,999.0,748.693359375,1e-06,0.0,0.0,0.8692440986633301,0.345703125,,,46967,0.7489138673990965,0.4990808963775635,1.188212900160579e-05,2.0,0.8154296875,,0.8587162494659424,0.02949838526546955,,1788948517.9655726,303,,1024.0,,,2.7447385787963867,0.01522062998265028,1935.920579766,2.0,0.1212,3.0517578125e-05,0.0625,0.4697265625,0.0,0.7687058448791504,
74.57547837999846,0.5625,1.0175838724535424e-05,0.44000017642974854,540.232177734375,1.1640625,,41468519.0,1024.0,812.3515625,1e-06,0.0,1.0175838724535424e-05,0.567948579788208,0.26171875,,,52762,0.7415845189243555,0.4859157204627991,0.0,26.0,0.650390625,,0.8433229327201843,0.23563989996910095,,1788950623.4962418,305,,1024.0,,,2.9546592235565186,0.015026818960905075,404185592.36592823,26.0,0.122,0.0,0.0625,0.388671875,0.0,0.8047815561294556,
74.44443686799877,0.486328125,0.0,0.455569326877594,512.3231811523438,1.296875,,41442449.0,1021.0,761.166015625,1e-06,0.0,0.0,0.6813211441040039,0.29296875,,,47365,0.732908746227622,0.4980996251106262,0.0,38.0,0.7626953125,,0.8485252261161804,0.12805551290512085,,1788948649.160205,307,,1024.0,,,2.9414570331573486,0.01479682419449091,2067.115245073,38.0,0.1228,0.0,0.03125,0.4697265625,0.0,0.7861170768737793,
73.07369126399863,0.462890625,0.0,0.4607250988483429,519.6290893554688,1.1640625,,41926073.0,1018.0,753.09765625,1e-06,0.0,0.0,0.5807526111602783,0.3046875,,,53160,0.7687270045280457,0.4993029236793518,0.0,64.0,0.7783203125,,0.8429393172264099,0.06486120820045471,,1788950754.0491688,309,,1024.0,,,2.9562103748321533,0.015311197377741337,404185722.91883355,64.0,0.1236,0.0,0.0,0.4736328125,0.0,0.7750738263130188,
75.50996833600038,0.47265625,0.0,0.4670529365539551,521.5592651367188,1.6640625,,41903046.0,1019.0,759.041015625,1e-06,0.0,0.0,1.185596227645874,0.3203125,,,47763,0.7551525998860598,0.4994024336338043,0.0,48.0,0.7958984375,,0.8611208200454712,0.3628911077976227,,1788948781.5458202,311,,1024.0,,,2.9878313541412354,0.01502308901399374,2199.500760431,48.0,0.1244,0.0,0.0625,0.4755859375,0.0,0.7799125909805298,
73.3111033510013,0.587890625,0.0,0.43676990270614624,533.3033447265625,1.0078125,,42418792.0,1019.0,821.779296875,1e-06,0.0,0.0,0.6927978992462158,0.255859375,,,53558,0.7707401551306248,0.4779251217842102,0.0,2.0,0.607421875,,0.8394525647163391,0.14212153851985931,,1788950884.3573577,313,,1024.0,,,2.9326672554016113,0.015295757912099361,404185853.22705764,2.0,0.1252,0.0,0.15625,0.3515625,0.0,0.7269628047943115,
76.89587292500028,0.53515625,0.0,0.4431293308734894,527.7857666015625,0.98828125,,42381203.0,1022.0,793.337890625,1e-06,0.0,0.0,0.5741291046142578,0.267578125,,,48161,0.7813709452748299,0.49304789304733276,0.0,24.0,0.6845703125,,0.839704692363739,0.09606848657131195,,1788948915.5078285,315,,1024.0,,,2.9515914916992188,0.01516120694577694,2333.462870981,24.0,0.126,0.0,0.03125,0.4169921875,0.0,0.7497191429138184,
71.96577288199887,0.40625,0.0,0.4819667339324951,501.03289794921875,1.1875,,42855970.0,1024.0,713.48828125,1e-06,0.0,0.0,0.9825866222381592,0.365234375,,,53956,0.7572492808103561,0.49919575452804565,0.0,21.0,0.8935546875,,0.8651196360588074,0.04992792010307312,,1788951013.2405765,317,,1024.0,,,2.9848697185516357,0.015139984898269176,404185982.1102533,21.0,0.1268,0.0,0.03125,0.5283203125,0.0,0.745646595954895,
74.3792417099985,0.423828125,8.961857929534744e-06,0.4797092080116272,493.1491394042969,1.1328125,,42820762.0,1018.0,718.138671875,1e-06,0.0,8.961857929534744e-06,0.6064094305038452,0.357421875,,,48559,0.7437810227274895,0.4978233277797699,0.0,54.0,0.8720703125,,0.8768278360366821,0.0861230418086052,,1788949046.8805087,319,,1024.0,,,2.950268268585205,0.01521444134414196,2464.835561971,54.0,0.1276,0.0,0.03125,0.5146484375,0.0,0.7910917401313782,
72.16742116399791,0.439453125,8.807778613117989e-06,0.4754233956336975,509.756103515625,1.46875,,43304718.0,1018.0,735.7421875,1e-06,0.0,8.807778613117989e-06,0.7008585929870605,0.34375,,,54354,0.7380000334233046,0.4998385012149811,0.0,60.0,0.8564453125,,0.8710372447967529,0.40242645144462585,,1788951142.1186872,321,,1024.0,,,2.8273046016693115,0.014957407489418983,404186110.98830235,60.0,0.1284,0.0,0.03125,0.5126953125,0.0,0.7745163440704346,
73.41473005299895,0.4375,0.0,0.48028653860092163,478.3055725097656,1.2265625,,43259938.0,1018.0,717.046875,1e-06,0.0,0.0,0.6322941780090332,0.359375,,,48957,0.7287029214203358,0.49897363781929016,0.0,41.0,0.8662109375,,0.8820735216140747,0.13187919557094574,,1788949177.077868,323,,1024.0,,,2.8970229625701904,0.014824077486991882,2595.0327345,41.0,0.1292,0.0,0.125,0.5068359375,0.0,0.7773469090461731,
72.45311259399932,0.43359375,4.678145251091337e-05,0.4779251217842102,473.862060546875,1.546875,,43741402.0,1013.0,712.3984375,1e-06,0.0,4.678145251091337e-05,0.579277753829956,0.3515625,,,54752,0.7560825068503618,0.4991277754306793,0.0,80.0,0.87109375,,0.8758469820022583,0.19180399179458618,,1788951271.5076263,325,,1024.0,,,2.990191698074341,0.015033862553536892,404186240.3772531,80.0,0.13,0.0,0.03125,0.51953125,0.0,0.7891274690628052,
74.86945637200051,0.384765625,1.166480069514364e-05,0.47852855920791626,506.8190612792969,1.5234375,,43693250.0,1014.0,705.8125,1e-06,0.0,1.166480069514364e-05,0.9625082015991211,0.353515625,,,49355,0.7562973964959383,0.4951413571834564,0.0,6.0,0.90234375,,0.8596376776695251,0.07493091374635696,,1788949308.6967402,327,,1024.0,,,2.975451946258545,0.01480224821716547,2726.651746918,6.0,0.1308,0.0,0.03125,0.548828125,0.0,0.8188132643699646,
72.16899265700022,0.44140625,0.0,0.4830440282821655,483.8496398925781,1.140625,,44183319.0,1023.0,722.275390625,1e-06,0.0,0.0,0.6196680068969727,0.369140625,,,55150,0.7326966021209955,0.499019593000412,0.0,102.0,0.8701171875,,0.8903843760490417,0.14335446059703827,,1788951400.3803556,329,,1024.0,,,2.9457578659057617,0.01511712558567524,404186369.2499696,102.0,0.1316,0.0,0.03125,0.5009765625,0.0,0.8333374261856079,
76.24992462800037,0.375,0.0,0.493378221988678,505.80938720703125,1.34375,,44123829.0,1023.0,700.130859375,1e-06,0.0,0.0,0.43459343910217285,0.416015625,,,49753,0.7309269066900015,0.4913783669471741,0.0,50.0,1.0029296875,,0.8866763114929199,0.20336677134037018,,1788949441.964496,331,,1024.0,,,2.981177806854248,0.014381255954504013,2859.919497183,50.0,0.1324,0.0,0.0625,0.5869140625,0.0,0.8064451813697815,
72.54467866799905,0.4296875,0.0,0.4830440282821655,502.9314880371094,1.4375,,44627407.0,1016.0,726.828125,1e-06,0.0,0.0,0.4832170009613037,0.369140625,,,55548,0.7352650091052055,0.49874380230903625,0.0,4.0,0.8857421875,,0.8837142586708069,0.006066883448511362,,1788951529.804275,333,,1024.0,,,2.931309700012207,0.014803334139287472,404186498.6739517,4.0,0.1332,0.0,0.0625,0.5166015625,0.0,0.8243896961212158,
74.15389456799903,0.458984375,2.0924004275002517e-05,0.4779251217842102,490.2310485839844,1.15625,,44572215.0,998.0,735.22265625,1e-06,0.0,2.0924004275002517e-05,0.9229326248168945,0.3515625,,,50151,0.7149663250893354,0.49995318055152893,0.0,24.0,0.8583984375,,0.878069281578064,0.2029327154159546,,1788949573.0607371,335,,1024.0,,,2.9799327850341797,0.014568384736776352,2991.015636375,24.0,0.134,0.0,0.0,0.5068359375,0.0,0.7925577163696289,
73.22404960499944,0.466796875,9.762574336491525e-06,0.46780112385749817,501.5238037109375,1.046875,,45080915.0,1017.0,745.4140625,1e-06,0.0,9.762574336491525e-06,1.0364980697631836,0.322265625,,,55946,0.7627493496984243,0.4989593029022217,0.0,19.0,0.798828125,,0.8744909763336182,0.04248013719916344,,1788951659.7981668,337,,1024.0,,,2.9724888801574707,0.015365245752036572,404186628.66784656,19.0,0.1348,0.0,0.0625,0.4765625,0.0,0.766022801399231,
74.73424540000087,0.44140625,1.1042402547900565e-05,0.4779251217842102,488.2867126464844,1.171875,,45015145.0,1016.0,724.75390625,1e-06,0.0,1.1042402547900565e-05,0.4894742965698242,0.3515625,,,50549,0.7484086323529482,0.49944931268692017,0.0,51.0,0.859375,,0.8862672448158264,0.14842760562896729,,1788949704.6110477,339,,1024.0,,,2.9760265350341797,0.014946408569812775,3122.565942545,51.0,0.1356,0.0,0.0625,0.5078125,0.0,0.840094268321991,
73.01517725699932,0.478515625,1.7022241081576794e-05,0.4647517800331116,486.846435546875,1.171875,,45533735.0,1018.0,743.8828125,1e-06,0.0,1.7022241081576794e-05,0.7027153968811035,0.314453125,,,56344,0.7309445030987263,0.49853014945983887,0.0,7.0,0.783203125,,0.8707415461540222,0.03756789118051529,,1788951789.5698218,341,,1024.0,,,2.995828628540039,0.015344752930104733,404186758.43949294,7.0,0.1364,0.0,0.03125,0.46875,0.0,0.7441628575325012,
74.76456584300013,0.455078125,5.6548916290921625e-05,0.4692695140838623,486.15411376953125,1.4609375,,45461326.0,1012.0,730.916015625,1e-06,0.0,5.6548916290921625e-05,0.6002585887908936,0.326171875,,,50947,0.7134839985519648,0.4984687864780426,0.0,2.0,0.818359375,,0.8658642768859863,0.06275308132171631,,1788949836.115625,343,,1024.0,,,2.975985288619995,0.014638065360486507,3254.070639456,2.0,0.1372,0.0,0.0,0.4921875,0.0,0.7985026836395264,
71.81528320300049,0.302734375,0.0,0.4984649419784546,481.8319396972656,1.7578125,,45936453.0,1023.0,645.96484375,1e-06,0.0,0.0,0.5970582962036133,0.455078125,,,56742,0.7415691055357456,0.48674386739730835,0.0,1.0,1.0693359375,,0.8800780177116394,0.09778141975402832,,1788951918.1583395,345,,1024.0,,,2.9691641330718994,0.014599774032831192,404186887.0279821,1.0,0.138,0.0,0.0,0.6142578125,0.0,0.8055341839790344,
73.38288001199771,0.326171875,0.0,0.49993884563446045,457.04638671875,1.359375,,45861999.0,1023.0,641.970703125,1e-06,0.0,0.0,0.4936027526855469,0.4765625,,,51345,0.7006101366132498,0.4806275963783264,0.0,23.0,1.1142578125,,0.8853735327720642,0.08283665776252747,,1788949966.4415376,347,,1024.0,,,2.957324504852295,0.014312542974948883,3384.396584673,23.0,0.1388,0.0,0.03125,0.6376953125,0.0,0.9004478454589844,
73.98889403900193,0.451171875,0.0,0.4779251217842102,468.70819091796875,1.03125,,46376800.0,991.0,719.240234375,1e-06,0.0,0.0,0.7680126428604126,0.3515625,,,57140,0.7043092921376228,0.4993230104446411,0.0,3.0,0.837890625,,0.8859027624130249,0.05009458586573601,,1788952048.8145819,349,,1024.0,,,2.9262819290161133,0.014639523811638355,404187017.6842549,3.0,0.1396,0.0,0.125,0.486328125,0.0,0.7816109657287598,
77.24794108100195,0.431640625,0.0,0.49234291911125183,482.1993103027344,1.6171875,,46300719.0,1005.0,716.0625,1e-06,0.0,0.0,0.5897097587585449,0.41015625,,,51743,0.6979178339242935,0.4992656111717224,0.0,68.0,0.92578125,,0.9137776494026184,0.11255515366792679,,1788950116.8855562,351,,1024.0,,,2.823770046234131,0.014520516619086266,3534.840562082,68.0,0.1404,0.0,0.0625,0.515625,0.0,0.7865592241287231,
196.6654963269998,0.4375,0.0,0.4870156943798065,477.0104064941406,0.9453125,,46815651.0,1020.0,716.318359375,1e-06,0.0,0.0,0.7171804904937744,0.384765625,,,62316,0.7079020645469427,0.4993029236793518,0.0,1.0,0.9111328125,,0.8970560431480408,0.11558696627616882,,1788954163.92775,351,,1024.0,,,2.9859185218811035,0.014811325818300247,8778637663.994383,1.0,0.1404,0.0,0.03125,0.5263671875,0.0,0.7632662057876587,
74.32547080700442,0.4453125,7.62939453125e-06,0.48408737778663635,496.0492858886719,0.89453125,,46823118.0,1024.0,731.15234375,1e-06,0.0,7.62939453125e-06,1.2796623706817627,0.373046875,,,57538,0.7104099784046412,0.5003514885902405,0.0,51.0,0.884765625,,0.8783113360404968,0.04923293739557266,,1788952197.523574,353,,1024.0,,,2.990436553955078,0.01491106953471899,404187166.3931825,51.0,0.1412,0.0,0.03125,0.51171875,0.0,0.7884300947189331,
75.39791242799947,0.45703125,0.0,0.4747757613658905,493.9892272949219,1.2109375,,46749632.0,1019.0,736.220703125,1e-06,0.0,0.0,0.7469755411148071,0.341796875,,,52141,0.7254329938441515,0.5004546642303467,0.0,24.0,0.84765625,,0.880443274974823,0.07968654483556747,,1788950249.5465806,355,,1024.0,,,2.98175311088562,0.014772851951420307,3667.501625156,24.0,0.142,0.0,0.0625,0.505859375,0.0,0.786159098148346,
73.65209284299976,0.44921875,1.52587890625e-05,0.48408737778663635,472.3545837402344,1.2734375,,47256343.0,1014.0,720.1640625,1e-06,0.0,1.52587890625e-05,0.684119462966919,0.373046875,,,62714,0.7054095081984997,0.5004546642303467,0.0,52.0,0.87890625,,0.8962764739990234,0.1037740409374237,,1788954295.011282,355,,1024.0,,,2.8812501430511475,0.014853104948997498,8778637795.078005,52.0,0.142,0.0,0.03125,0.505859375,0.0,0.8080679178237915,
75.3137338639981,0.408203125,1.633986903470941e-05,0.48607301712036133,480.0066223144531,1.1484375,,47254672.0,1024.0,702.06640625,1e-06,0.0,1.633986903470941e-05,0.5679051876068115,0.380859375,,,57936,0.7290072552859783,0.49632391333580017,0.0,18.0,0.9326171875,,0.8863227963447571,0.05489096790552139,,1788952330.323852,357,,1024.0,,,2.9895105361938477,0.014602988958358765,404187299.1935237,18.0,0.1428,0.0,0.0625,0.5517578125,0.0,0.7731336951255798,
76.10370846700016,0.400390625,3.925082091882359e-05,0.4888018071651459,484.8371276855469,1.1875,,47687204.0,1018.0,700.712890625,1e-06,0.0,3.925082091882359e-05,0.6833395957946777,0.392578125,,,63112,0.7251379527151585,0.49553778767585754,0.0,19.0,0.9423828125,,0.8853562474250793,0.04184477776288986,,1788954428.8204997,359,,1024.0,,,2.969597101211548,0.014480190351605415,8778637928.887209,19.0,0.1436,0.0,0.0625,0.5498046875,0.0,0.8152053356170654,
71.25525016099982,0.431640625,0.0,0.4870156943798065,466.8316345214844,1.3515625,,47688792.0,1022.0,707.328125,1e-06,0.0,0.0,0.6197013854980469,0.384765625,,,58334,0.7063574846833944,0.4985981583595276,0.0,21.0,0.9052734375,,0.9013533592224121,0.2039458453655243,,1788952458.3485377,361,,1024.0,,,2.897306442260742,0.014855428598821163,404187427.218183,21.0,0.1444,0.0,0.0625,0.5205078125,0.0,0.7658340334892273,
72.55491898999958,0.43359375,5.495737786986865e-05,0.4912354052066803,467.5689697265625,1.8359375,,48122095.0,1022.0,708.833984375,1e-06,0.0,5.495737786986865e-05,0.9728670120239258,0.404296875,,,63510,0.7262034192681313,0.4989593029022217,0.0,1.0,0.943359375,,0.9166405200958252,0.12555378675460815,,1788954558.4638033,363,,1024.0,,,2.966222047805786,0.014815615490078926,8778638058.530464,1.0,0.1452,0.0,0.09375,0.5390625,0.0,0.8281657099723816,
73.14476218199707,0.474609375,1.9085697203991003e-05,0.4797092080116272,493.06689453125,1.2265625,,48142291.0,1010.0,745.052734375,1e-06,0.0,1.9085697203991003e-05,0.6156065464019775,0.357421875,,,58732,0.7114666942507029,0.4995105266571045,0.0,21.0,0.857421875,,0.9012839198112488,0.06701897829771042,,1788952588.3628664,365,,1024.0,,,2.9830214977264404,0.014977664686739445,404187557.2324885,21.0,0.146,0.0,0.03125,0.5,0.0,0.7886983752250671,
74.13263417100029,0.50390625,0.0,0.47209542989730835,473.41339111328125,1.140625,,48578566.0,1007.0,750.857421875,1e-06,0.0,0.0,0.7457942962646484,0.333984375,,,63908,0.7125875065103173,0.49863746762275696,0.0,18.0,0.791015625,,0.8876612782478333,0.1539427936077118,,1788954689.5477352,367,,1024.0,,,2.9950287342071533,0.014832070097327232,8778638189.61447,18.0,0.1468,0.0,0.125,0.45703125,0.0,0.7680014371871948,
71.09392253700025,0.2890625,2.416087045276072e-05,0.49880221486091614,468.6676025390625,1.59375,,48536470.0,1012.0,629.193359375,1e-06,0.0,2.416087045276072e-05,0.5936428904533386,0.458984375,,,59130,0.673942856490612,0.4666016101837158,0.0,71.0,1.1357421875,,0.8501362800598145,0.038501590490341187,,1788952716.3069227,369,,1024.0,,,2.953080415725708,0.014406699687242508,404187685.17659444,71.0,0.1476,0.0,0.0,0.6767578125,0.0,0.8605831861495972,
73.82884365000064,0.318359375,9.3956705313758e-06,0.49974003434181213,468.0458679199219,1.765625,,48980858.0,1021.0,645.0390625,1e-06,0.0,9.3956705313758e-06,0.5093228816986084,0.47265625,,,64306,0.6899953484535217,0.4796086251735687,0.0,33.0,1.1103515625,,0.8886268734931946,0.2602098882198334,,1788954820.2633252,371,,1024.0,,,2.9886932373046875,0.01444515772163868,8778638320.330044,33.0,0.1484,0.0,0.0,0.6376953125,0.0,0.8552345037460327,
71.73580921000121,0.458984375,0.0,0.48028653860092163,454.19854736328125,1.2890625,,48974875.0,1003.0,715.728515625,1e-06,0.0,0.0,0.6395556926727295,0.359375,,,59528,0.7413269225507975,0.5004279017448425,0.0,4.0,0.8515625,,0.898703932762146,0.24779891967773438,,1788952844.8315656,373,,1024.0,,,2.9552712440490723,0.014897063374519348,404187813.7011892,4.0,0.1492,0.0,0.09375,0.4921875,0.0,0.7793248891830444,
73.86027863300069,0.458984375,0.0,0.4845963716506958,459.0613708496094,1.71875,,49420610.0,1021.0,718.359375,1e-06,0.0,0.0,0.9137442111968994,0.375,,,64704,0.725315997377038,0.4992656111717224,0.0,14.0,0.890625,,0.9070014953613281,0.03552715480327606,,1788954951.146667,375,,1024.0,,,2.9886536598205566,0.01498990785330534,8778638451.213417,14.0,0.15,0.0,0.0625,0.515625,0.0,0.8416022658348083,
73.0218980039981,0.4140625,0.0,0.4900552034378052,461.1500244140625,1.28125,,49402324.0,1018.0,694.205078125,1e-06,0.0,0.0,0.5679190158843994,0.3984375,,,59926,0.694191750138998,0.4965779781341553,0.0,2.0,0.9365234375,,0.9024721384048462,-0.04197666421532631,,1788952974.7863433,377,,1024.0,,,2.9641284942626953,0.014722488820552826,404187943.6559639,2.0,0.1508,0.0,0.03125,0.5380859375,0.0,0.8329030871391296,
75.1764422980009,0.421875,0.0,0.4892277717590332,457.8378601074219,1.1015625,,49849330.0,1012.0,696.6875,1e-06,0.0,0.0,0.5065187215805054,0.39453125,,,65102,0.6986612714827061,0.49770045280456543,0.0,7.0,0.9423828125,,0.899608850479126,0.06193514168262482,,1788955083.5924075,379,,1024.0,,,2.9393513202667236,0.014601110480725765,8778638583.659071,7.0,0.1516,0.0,0.09375,0.5478515625,0.0,0.788780152797699,
71.9703099329945,0.333984375,8.755953786021564e-06,0.4982847273349762,458.4662780761719,1.3359375,,49805749.0,1019.0,647.345703125,1e-06,0.0,8.755953786021564e-06,0.7425742149353027,0.453125,,,60324,0.7071513291448355,0.4855419397354126,0.0,16.0,1.0703125,,0.8802782893180847,0.09906364232301712,,1788953103.6842573,381,,1024.0,,,2.814896821975708,0.014587493613362312,404188072.5538872,16.0,0.1524,0.0,0.0625,0.6171875,0.0,0.8000695705413818,
74.90403379500049,0.37890625,0.0,0.4912354052066803,437.84588623046875,1.34375,,50259205.0,1022.0,659.943359375,1e-06,0.0,0.0,0.5346341133117676,0.404296875,,,65500,0.7476076446473598,0.49205461144447327,0.0,35.0,0.9873046875,,0.8909937143325806,0.1450241059064865,,1788955215.6249616,383,,1024.0,,,2.9364492893218994,0.014777462929487228,8778638715.691633,35.0,0.1532,0.0,0.0625,0.5830078125,0.0,0.839378833770752,
73.13098094200086,0.3984375,0.0,0.4937073290348053,472.4902648925781,1.0703125,,50232220.0,1021.0,692.232421875,1e-06,0.0,0.0,0.6031038761138916,0.41796875,,,60722,0.6897042784839869,0.4938921332359314,0.0,2.0,0.9892578125,,0.9051828384399414,0.10422438383102417,,1788953233.6237314,385,,1024.0,,,2.9499242305755615,0.014565822668373585,404188202.49331033,2.0,0.154,0.0,0.03125,0.5712890625,0.0,0.8257272839546204,
73.30635401900054,0.3984375,6.352594664349454e-05,0.4912354052066803,490.9610290527344,1.078125,,50691365.0,1023.0,703.34375,1e-06,0.0,6.352594664349454e-05,0.6231282949447632,0.404296875,,,65898,0.6745428517460823,0.49532657861709595,0.0,52.0,0.96875,,0.897921085357666,0.07536478340625763,,1788955345.8676815,387,,1024.0,,,2.938936948776245,0.014516559429466724,8778638845.934301,52.0,0.1548,0.0,0.03125,0.564453125,0.0,0.7870885133743286,
72.63546817399856,0.341796875,0.0,0.5001069903373718,467.62908935546875,1.546875,,50641011.0,1006.0,657.794921875,1e-06,0.0,0.0,0.7302708625793457,0.48046875,,,61120,0.6924032736569643,0.4850654602050781,0.0,144.0,1.099609375,,0.9016400575637817,0.10281116515398026,,1788953363.184808,389,,1024.0,,,2.827399492263794,0.014428896829485893,404188332.0544106,144.0,0.1556,0.0,0.0,0.619140625,0.0,0.818007230758667,
71.40838014500059,0.322265625,0.0,0.5004737377166748,455.0259094238281,1.40625,,51090219.0,1009.0,638.38671875,1e-06,0.0,0.0,0.6220002174377441,0.50390625,,,66296,0.6450547240674496,0.47926682233810425,0.0,28.0,1.14453125,,0.8955256342887878,0.05250551924109459,,1788955474.1898704,391,,1024.0,,,2.9426918029785156,0.01442538108676672,8778638974.25658,28.0,0.1564,0.0,0.03125,0.640625,0.0,0.8178740739822388,
71.11992311300128,0.322265625,9.281259735871572e-06,0.5004889965057373,447.8501281738281,1.7578125,,51037343.0,1015.0,633.5234375,1e-06,0.0,9.281259735871572e-06,0.8251762390136719,0.5,,,61518,0.6779724080115557,0.4783158302307129,0.0,57.0,1.1455078125,,0.8961864113807678,0.07799915224313736,,1788953491.098712,393,,1024.0,,,2.9730472564697266,0.014513119123876095,404188459.96833533,57.0,0.1572,0.0,0.0,0.6455078125,0.0,0.7989335060119629,
71.95852879400036,0.302734375,5.148690161149716e-05,0.5001795887947083,454.1232604980469,1.3046875,,51483029.0,1005.0,626.64453125,1e-06,0.0,5.148690161149716e-05,0.6844720840454102,0.517578125,,,66694,0.6862585619091988,0.475229412317276,0.0,50.0,1.1728515625,,0.8813713192939758,0.0765097513794899,,1788955603.2338257,395,,1024.0,,,2.790656328201294,0.014417712576687336,8778639103.30052,50.0,0.158,0.0,0.03125,0.6552734375,0.0,0.7997205853462219,
72.93282803499915,0.375,0.0,0.4946470856666565,464.453125,1.015625,,51454496.0,1020.0,674.283203125,1e-06,0.0,0.0,0.7897419929504395,0.423828125,,,61916,0.6682200059294701,0.49204781651496887,0.0,1.0,1.009765625,,0.8973227739334106,0.08427552878856659,,1788953620.9129689,397,,1024.0,,,2.941237449645996,0.014621994458138943,404188589.7826121,1.0,0.1588,0.0,0.03125,0.5859375,0.0,0.8120003938674927,
73.6632771010004,0.3671875,1.0713061783462763e-05,0.4976975917816162,486.4228515625,1.515625,,51905062.0,1014.0,683.814453125,1e-06,0.0,1.0713061783462763e-05,0.7828547954559326,0.447265625,,,67092,0.7086538635194302,0.49092698097229004,0.0,22.0,1.0419921875,,0.9080496430397034,0.09823942929506302,,1788955733.764826,399,,1024.0,,,2.97845196723938,0.014584986492991447,8778639233.83157,22.0,0.1596,0.0,0.03125,0.5947265625,0.0,0.8522828817367554,
